Date,Open,High,Low,Close,"Trend Supertrend (7,3)","MACD (12,26,9)","Signal MACD (12,26,9)","MACD (12,26,9)_hist",Volume
Mon Apr 08 2019 00:00:00 GMT+0530 (India Standard Time),220.87,227.65,216.35,222.32,243.2,-7.25,-9.8,2.54,29205718
Mon Apr 15 2019 00:00:00 GMT+0530 (India Standard Time),221.6,241.45,221.6,233.6,243.2,-5.61,-8.96,3.35,94956955
Mon Apr 22 2019 00:00:00 GMT+0530 (India Standard Time),227.6,243.05,227.6,236.89,243.2,-4,-7.97,3.97,49105580
Mon Apr 29 2019 00:00:00 GMT+0530 (India Standard Time),232.24,240.75,231.35,236.05,243.2,-2.76,-6.93,4.17,16612300
Mon May 06 2019 00:00:00 GMT+0530 (India Standard Time),234.15,240,224.75,231.4,243.2,-2.13,-5.97,3.84,24093838
Mon May 13 2019 00:00:00 GMT+0530 (India Standard Time),232.77,232.77,214.3,222.36,243.2,-2.33,-5.24,2.91,24281709
Mon May 20 2019 00:00:00 GMT+0530 (India Standard Time),227.57,230.7,219.25,226.56,243.2,-2.12,-4.62,2.49,24097839
Mon May 27 2019 00:00:00 GMT+0530 (India Standard Time),227.07,247.7,227.07,235.86,243.2,-1.19,-3.93,2.74,57394627
Mon Jun 03 2019 00:00:00 GMT+0530 (India Standard Time),231.46,256.2,231.46,246.05,193.49,0.36,-3.07,3.43,29078325
Mon Jun 10 2019 00:00:00 GMT+0530 (India Standard Time),238.76,252.75,238.2,245.65,196.09,1.54,-2.15,3.69,18553295
Mon Jun 17 2019 00:00:00 GMT+0530 (India Standard Time),242.2,250.1,235.45,241.07,196.09,2.08,-1.31,3.38,35391601
Mon Jun 24 2019 00:00:00 GMT+0530 (India Standard Time),241.64,248,237.75,241.24,196.82,2.49,-0.55,3.04,27055334
Mon Jul 01 2019 00:00:00 GMT+0530 (India Standard Time),241.44,241.44,225.6,233.1,196.82,2.14,-0.01,2.15,18451144
Mon Jul 08 2019 00:00:00 GMT+0530 (India Standard Time),237.27,237.27,212.95,220.32,196.82,0.82,0.16,0.66,30422405
Mon Jul 15 2019 00:00:00 GMT+0530 (India Standard Time),228.8,228.8,202.15,210.86,196.82,-0.98,-0.07,-0.91,40239814
Mon Jul 22 2019 00:00:00 GMT+0530 (India Standard Time),219.83,219.83,190.25,200.28,196.82,-3.22,-0.7,-2.52,45210778
Mon Jul 29 2019 00:00:00 GMT+0530 (India Standard Time),210.05,210.05,180.1,188.7,258.71,-5.86,-1.73,-4.13,45629704
Mon Aug 05 2019 00:00:00 GMT+0530 (India Standard Time),199.38,199.38,177.85,187.43,252.38,-7.97,-2.98,-4.99,46399283
Mon Aug 12 2019 00:00:00 GMT+0530 (India Standard Time),193.4,196.2,180.4,188.99,249.73,-9.41,-4.27,-5.14,36152166
Mon Aug 19 2019 00:00:00 GMT+0530 (India Standard Time),191.19,191.19,162.45,177.63,241.79,-11.33,-5.68,-5.65,48951579
Mon Aug 26 2019 00:00:00 GMT+0530 (India Standard Time),184.41,184.41,166.85,172.78,238.84,-13.09,-7.16,-5.93,73949196
Mon Sep 02 2019 00:00:00 GMT+0530 (India Standard Time),178.59,184.25,163.85,174.8,236.98,-14.17,-8.56,-5.6,58263924
Mon Sep 09 2019 00:00:00 GMT+0530 (India Standard Time),176.7,187.75,176.7,183.2,236.98,-14.17,-9.68,-4.49,27563591
Mon Sep 16 2019 00:00:00 GMT+0530 (India Standard Time),179.95,187.15,173.6,181.99,236.98,-14.11,-10.57,-3.54,53818513
Mon Sep 23 2019 00:00:00 GMT+0530 (India Standard Time),180.97,193.15,174.3,185.45,236.98,-13.63,-11.18,-2.45,56447792
Mon Sep 30 2019 00:00:00 GMT+0530 (India Standard Time),183.21,185.5,166.9,176.3,232.82,-13.83,-11.71,-2.12,42503991
Mon Oct 07 2019 00:00:00 GMT+0530 (India Standard Time),179.75,179.75,167.75,172.06,227.43,-14.16,-12.2,-1.96,23121722
Mon Oct 14 2019 00:00:00 GMT+0530 (India Standard Time),175.91,191.25,172.7,182.25,227.43,-13.45,-12.45,-1,38516943
Mon Oct 21 2019 00:00:00 GMT+0530 (India Standard Time),179.08,196.45,179.08,190.28,227.43,-12.1,-12.38,0.28,31527919
Mon Oct 28 2019 00:00:00 GMT+0530 (India Standard Time),184.68,195.7,184.35,190.16,227.43,-10.91,-12.09,1.18,25187101
Mon Nov 04 2019 00:00:00 GMT+0530 (India Standard Time),187.42,202.3,187.42,194.4,227.43,-9.52,-11.57,2.06,35369721
Mon Nov 11 2019 00:00:00 GMT+0530 (India Standard Time),190.91,200.75,185.25,191.4,227.43,-8.56,-10.97,2.41,25147940
Mon Nov 18 2019 00:00:00 GMT+0530 (India Standard Time),191.15,191.15,180.55,184.95,227.43,-8.22,-10.42,2.2,23174112
Mon Nov 25 2019 00:00:00 GMT+0530 (India Standard Time),188.05,193.55,180.95,187.09,227.43,-7.7,-9.88,2.18,29568122
Mon Dec 02 2019 00:00:00 GMT+0530 (India Standard Time),187.57,191.45,175.65,183.45,227.43,-7.48,-9.4,1.91,23638535
Mon Dec 09 2019 00:00:00 GMT+0530 (India Standard Time),185.51,185.51,169.75,177.28,223.88,-7.73,-9.06,1.34,30876266
Mon Dec 16 2019 00:00:00 GMT+0530 (India Standard Time),181.39,187.45,176.75,182.88,223.88,-7.38,-8.73,1.34,18253460
Mon Dec 23 2019 00:00:00 GMT+0530 (India Standard Time),182.13,190.25,179.95,185.95,223.88,-6.78,-8.34,1.56,23456057
Mon Dec 30 2019 00:00:00 GMT+0530 (India Standard Time),184.04,197.55,184.04,192.1,223.88,-5.74,-7.82,2.07,34090199
Mon Jan 06 2020 00:00:00 GMT+0530 (India Standard Time),188.07,194.7,182.1,190.39,223.88,-5,-7.26,2.25,43247048
Mon Jan 13 2020 00:00:00 GMT+0530 (India Standard Time),189.23,199.35,189.23,192.95,223.88,-4.16,-6.64,2.48,33067634
Mon Jan 20 2020 00:00:00 GMT+0530 (India Standard Time),191.09,194.55,174.6,185.15,223.88,-4.08,-6.12,2.05,60550972
Mon Jan 27 2020 00:00:00 GMT+0530 (India Standard Time),188.12,188.12,155.8,168.13,222.43,-5.32,-5.96,0.64,97517182
Mon Feb 03 2020 00:00:00 GMT+0530 (India Standard Time),178.12,178.12,156.9,164.29,219.87,-6.54,-6.08,-0.46,55185232
Mon Feb 10 2020 00:00:00 GMT+0530 (India Standard Time),171.2,171.2,158.95,164.46,215.21,-7.41,-6.34,-1.06,77907439
Mon Feb 17 2020 00:00:00 GMT+0530 (India Standard Time),167.83,167.83,149.75,159.59,209.51,-8.39,-6.75,-1.64,81510280
Mon Feb 24 2020 00:00:00 GMT+0530 (India Standard Time),163.71,163.71,151.5,157.95,206.31,-9.2,-7.24,-1.96,60607752
Mon Mar 02 2020 00:00:00 GMT+0530 (India Standard Time),160.83,164.95,151.25,156.78,205.72,-9.82,-7.76,-2.06,61816050
Mon Mar 09 2020 00:00:00 GMT+0530 (India Standard Time),158.8,158.8,108.4,138.11,196.02,-11.68,-8.54,-3.14,128946779
Mon Mar 16 2020 00:00:00 GMT+0530 (India Standard Time),148.46,148.46,106.75,125.04,196.02,-14.05,-9.65,-4.41,113860945
Mon Mar 23 2020 00:00:00 GMT+0530 (India Standard Time),136.75,136.75,103.95,111.85,195.58,-16.8,-11.08,-5.72,82920105
Mon Mar 30 2020 00:00:00 GMT+0530 (India Standard Time),124.3,127.1,111.95,118.46,190.55,-18.24,-12.51,-5.73,47125248
Mon Apr 06 2020 00:00:00 GMT+0530 (India Standard Time),121.38,128.15,121.38,125.13,189.79,-18.62,-13.73,-4.89,20354399
Mon Apr 13 2020 00:00:00 GMT+0530 (India Standard Time),123.25,137.2,123.1,129.84,189.79,-18.33,-14.65,-3.68,38011639
Mon Apr 20 2020 00:00:00 GMT+0530 (India Standard Time),126.55,134.65,119.75,127.7,186.54,-18.07,-15.33,-2.73,38500038
Mon Apr 27 2020 00:00:00 GMT+0530 (India Standard Time),127.12,134.2,119.2,127.6,183.99,-17.67,-15.8,-1.86,31848836
Mon May 04 2020 00:00:00 GMT+0530 (India Standard Time),127.36,132,113.3,122.13,179.77,-17.58,-16.16,-1.43,48621361
Mon May 11 2020 00:00:00 GMT+0530 (India Standard Time),124.74,124.74,110.05,114.14,172.66,-17.96,-16.52,-1.44,37882387
Mon May 18 2020 00:00:00 GMT+0530 (India Standard Time),119.44,119.44,105.8,109.81,165.83,-18.39,-16.89,-1.5,55276759
Mon May 25 2020 00:00:00 GMT+0530 (India Standard Time),114.63,127.2,109.75,118.4,165.83,-17.83,-17.08,-0.75,36358449
Mon Jun 01 2020 00:00:00 GMT+0530 (India Standard Time),116.51,134.5,116.51,128.76,165.83,-16.37,-16.94,0.57,67614469
Mon Jun 08 2020 00:00:00 GMT+0530 (India Standard Time),122.64,133.7,117.45,125.82,165.83,-15.27,-16.6,1.34,44816061
Mon Jun 15 2020 00:00:00 GMT+0530 (India Standard Time),124.23,124.75,112.9,119.78,165.83,-14.72,-16.23,1.51,76476685
Mon Jun 22 2020 00:00:00 GMT+0530 (India Standard Time),122,131.5,121.85,125.55,165.83,-13.65,-15.71,2.06,82954634
Mon Jun 29 2020 00:00:00 GMT+0530 (India Standard Time),123.78,125.6,116.15,121.76,165.83,-12.97,-15.16,2.19,49406267
Mon Jul 06 2020 00:00:00 GMT+0530 (India Standard Time),122.77,122.77,112.95,118.05,161.1,-12.58,-14.65,2.07,68133863
Mon Jul 13 2020 00:00:00 GMT+0530 (India Standard Time),120.41,120.41,109.35,114.61,156.68,-12.41,-14.2,1.79,45138361
Mon Jul 20 2020 00:00:00 GMT+0530 (India Standard Time),117.51,121.45,114.75,117.7,156.68,-11.88,-13.74,1.85,55062002
Mon Jul 27 2020 00:00:00 GMT+0530 (India Standard Time),117.61,117.61,112.3,114.97,150.49,-11.55,-13.3,1.74,27431790
Mon Aug 03 2020 00:00:00 GMT+0530 (India Standard Time),116.29,116.45,112.85,114.61,146.65,-11.19,-12.88,1.68,33144127
Mon Aug 10 2020 00:00:00 GMT+0530 (India Standard Time),115.45,119,113.05,115.93,146.01,-10.68,-12.44,1.76,54727274
Mon Aug 17 2020 00:00:00 GMT+0530 (India Standard Time),115.69,126.55,115.69,121.54,146.01,-9.71,-11.89,2.18,80560983
Mon Aug 24 2020 00:00:00 GMT+0530 (India Standard Time),118.61,128.7,118.61,125.34,146.01,-8.53,-11.22,2.69,54903700
Mon Aug 31 2020 00:00:00 GMT+0530 (India Standard Time),121.98,126.9,115.45,120.89,146.01,-7.87,-10.55,2.68,73318736
Mon Sep 07 2020 00:00:00 GMT+0530 (India Standard Time),121.43,121.43,109.4,113.89,146.01,-7.82,-10,2.19,53786288
Mon Sep 14 2020 00:00:00 GMT+0530 (India Standard Time),117.66,117.66,107.65,109.6,144.08,-8.03,-9.61,1.58,59611218
Mon Sep 21 2020 00:00:00 GMT+0530 (India Standard Time),113.63,113.63,98.65,104.45,139.49,-8.52,-9.39,0.87,60865928
Mon Sep 28 2020 00:00:00 GMT+0530 (India Standard Time),109.04,109.04,99.4,102.59,136.94,-8.95,-9.3,0.35,45510058
Mon Oct 05 2020 00:00:00 GMT+0530 (India Standard Time),105.81,105.81,97.05,100.91,133.23,-9.32,-9.31,-0.01,58926141
Mon Oct 12 2020 00:00:00 GMT+0530 (India Standard Time),103.36,103.36,94.3,97.68,129.97,-9.76,-9.4,-0.37,65028787
Mon Oct 19 2020 00:00:00 GMT+0530 (India Standard Time),100.52,102.95,96,99.66,129.15,-9.84,-9.49,-0.35,80617361
Mon Oct 26 2020 00:00:00 GMT+0530 (India Standard Time),100.09,102.65,95.3,99.89,127.56,-9.77,-9.54,-0.23,60785349
Mon Nov 02 2020 00:00:00 GMT+0530 (India Standard Time),99.99,107.15,98.3,102.84,127.56,-9.37,-9.51,0.14,66301868
Mon Nov 09 2020 00:00:00 GMT+0530 (India Standard Time),101.41,112.25,101.41,109.29,127.56,-8.43,-9.29,0.86,109941172
Mon Nov 16 2020 00:00:00 GMT+0530 (India Standard Time),105.35,114.05,104.9,109.55,127.56,-7.58,-8.95,1.37,86073605
Mon Nov 23 2020 00:00:00 GMT+0530 (India Standard Time),107.45,112.15,104.5,108.24,127.56,-6.93,-8.55,1.61,97273524
Mon Nov 30 2020 00:00:00 GMT+0530 (India Standard Time),107.84,119.7,107.84,114.49,127.56,-5.85,-8.01,2.16,75213503
Mon Dec 07 2020 00:00:00 GMT+0530 (India Standard Time),111.17,125.45,111.17,121.01,127.56,-4.41,-7.29,2.88,96835014
Mon Dec 14 2020 00:00:00 GMT+0530 (India Standard Time),116.09,130.75,116.09,126.36,127.56,-2.81,-6.39,3.58,96504783
Mon Dec 21 2020 00:00:00 GMT+0530 (India Standard Time),121.23,126.25,114.1,121.88,127.56,-1.88,-5.49,3.61,61999716
Mon Dec 28 2020 00:00:00 GMT+0530 (India Standard Time),121.55,124.65,118.95,122.09,127.56,-1.11,-4.61,3.5,72781950
Mon Jan 04 2021 00:00:00 GMT+0530 (India Standard Time),121.82,125.7,118.55,122.58,127.56,-0.46,-3.78,3.32,83437528
Mon Jan 11 2021 00:00:00 GMT+0530 (India Standard Time),122.2,133.55,122.2,127.96,97.57,0.49,-2.93,3.42,99780989
Mon Jan 18 2021 00:00:00 GMT+0530 (India Standard Time),125.08,128.65,117.25,122.98,97.57,0.83,-2.18,3,63496888
Mon Jan 25 2021 00:00:00 GMT+0530 (India Standard Time),124.03,124.03,110,115.14,97.57,0.46,-1.65,2.11,49034767
Mon Feb 01 2021 00:00:00 GMT+0530 (India Standard Time),119.58,129.05,110.6,119.1,97.57,0.48,-1.23,1.7,104459111
Mon Feb 08 2021 00:00:00 GMT+0530 (India Standard Time),119.34,128.2,117.5,122.53,97.57,0.76,-0.83,1.59,59703744
Mon Feb 15 2021 00:00:00 GMT+0530 (India Standard Time),120.93,127.95,116.75,121.99,97.57,0.93,-0.48,1.41,76256967
Mon Feb 22 2021 00:00:00 GMT+0530 (India Standard Time),121.46,147.75,119.85,132.04,97.57,1.86,-0.01,1.87,258052115
Mon Mar 01 2021 00:00:00 GMT+0530 (India Standard Time),126.75,142.05,126.75,138.15,97.57,3.05,0.6,2.45,91967987
Mon Mar 08 2021 00:00:00 GMT+0530 (India Standard Time),132.45,140.75,132.45,136.97,97.57,3.85,1.25,2.6,58973509
Mon Mar 15 2021 00:00:00 GMT+0530 (India Standard Time),134.71,134.71,118.25,125.83,97.57,3.55,1.71,1.84,90893233
Mon Mar 22 2021 00:00:00 GMT+0530 (India Standard Time),130.27,130.27,111.8,117.71,97.57,2.63,1.9,0.73,59302048
Mon Mar 29 2021 00:00:00 GMT+0530 (India Standard Time),123.99,123.99,114.75,116.65,97.57,1.79,1.87,-0.09,41711375
Mon Apr 05 2021 00:00:00 GMT+0530 (India Standard Time),120.32,120.32,112.8,115.55,97.57,1.02,1.7,-0.68,40839570
Mon Apr 12 2021 00:00:00 GMT+0530 (India Standard Time),117.94,117.94,108.35,112.31,97.57,0.15,1.39,-1.24,38426995
Mon Apr 19 2021 00:00:00 GMT+0530 (India Standard Time),115.12,115.12,108.15,110.35,97.57,-0.69,0.98,-1.66,32378376
Mon Apr 26 2021 00:00:00 GMT+0530 (India Standard Time),112.74,119.35,111.25,115.23,97.57,-0.95,0.59,-1.54,50899446
Mon May 03 2021 00:00:00 GMT+0530 (India Standard Time),113.98,122.75,113.98,119.51,97.57,-0.8,0.31,-1.11,45344298
Mon May 10 2021 00:00:00 GMT+0530 (India Standard Time),116.75,144.45,116.75,129.93,97.57,0.15,0.28,-0.13,177779764
Mon May 17 2021 00:00:00 GMT+0530 (India Standard Time),123.34,137.25,123.34,132.43,97.57,1.1,0.45,0.66,87364648
Mon May 24 2021 00:00:00 GMT+0530 (India Standard Time),127.88,134.75,127.88,132.03,97.57,1.8,0.72,1.08,75106240
Mon May 31 2021 00:00:00 GMT+0530 (India Standard Time),129.95,139.15,129.8,134.65,98.31,2.53,1.08,1.45,70494066
Mon Jun 07 2021 00:00:00 GMT+0530 (India Standard Time),132.3,149.75,132.3,143.86,102.55,3.82,1.63,2.19,147576816
Mon Jun 14 2021 00:00:00 GMT+0530 (India Standard Time),138.08,148.75,129.85,139.63,102.55,4.44,2.19,2.25,115696478
Mon Jun 21 2021 00:00:00 GMT+0530 (India Standard Time),138.85,138.85,128.25,131.96,102.55,4.26,2.6,1.66,55845638
Mon Jun 28 2021 00:00:00 GMT+0530 (India Standard Time),135.41,135.41,128.7,131.68,102.55,4.06,2.89,1.16,69187574
Mon Jul 05 2021 00:00:00 GMT+0530 (India Standard Time),133.54,135.45,130.05,132.43,102.55,3.91,3.1,0.81,43361387
Mon Jul 12 2021 00:00:00 GMT+0530 (India Standard Time),132.98,134.15,130.05,131.51,102.55,3.67,3.21,0.46,35021653
Mon Jul 19 2021 00:00:00 GMT+0530 (India Standard Time),132.25,132.25,126.45,129.05,102.55,3.25,3.22,0.03,19622799
Mon Jul 26 2021 00:00:00 GMT+0530 (India Standard Time),130.65,130.65,125.8,128.21,102.55,2.82,3.14,-0.32,35267677
Mon Aug 02 2021 00:00:00 GMT+0530 (India Standard Time),129.43,133.2,126.95,130.01,104.21,2.59,3.03,-0.44,37702073
Mon Aug 09 2021 00:00:00 GMT+0530 (India Standard Time),129.72,132.6,125.5,129.71,104.21,2.36,2.89,-0.54,52506195
Mon Aug 16 2021 00:00:00 GMT+0530 (India Standard Time),129.72,129.72,119.75,124.39,104.21,1.72,2.66,-0.94,35505230
Mon Aug 23 2021 00:00:00 GMT+0530 (India Standard Time),127.05,127.05,117.5,121.5,104.21,0.98,2.32,-1.35,34302716
Mon Aug 30 2021 00:00:00 GMT+0530 (India Standard Time),124.28,131.9,123.35,127.43,104.21,0.85,2.03,-1.18,54573100
Mon Sep 06 2021 00:00:00 GMT+0530 (India Standard Time),125.85,135.7,125.85,132.68,104.21,1.16,1.86,-0.69,36580739
Mon Sep 13 2021 00:00:00 GMT+0530 (India Standard Time),129.26,148.05,129.26,139.47,107.16,1.94,1.87,0.07,104826569
Mon Sep 20 2021 00:00:00 GMT+0530 (India Standard Time),134.37,154.75,134.37,145.95,108.83,3.04,2.11,0.93,93707402
Mon Sep 27 2021 00:00:00 GMT+0530 (India Standard Time),140.16,181.75,140.16,164.26,112.5,5.33,2.75,2.58,226090520
Mon Oct 04 2021 00:00:00 GMT+0530 (India Standard Time),152.21,188.55,152.21,176.96,113.28,8.07,3.81,4.26,153123700
Mon Oct 11 2021 00:00:00 GMT+0530 (India Standard Time),164.59,185.75,164.59,174.52,117.15,9.94,5.04,4.9,107089731
Mon Oct 18 2021 00:00:00 GMT+0530 (India Standard Time),169.56,173.7,160.05,165.99,117.15,10.6,6.15,4.45,77983196
Mon Oct 25 2021 00:00:00 GMT+0530 (India Standard Time),167.77,167.77,148.05,155.06,117.15,10.13,6.95,3.19,72219390
Mon Nov 01 2021 00:00:00 GMT+0530 (India Standard Time),161.42,161.42,148.55,153.06,117.15,9.49,7.46,2.03,37811855
Mon Nov 08 2021 00:00:00 GMT+0530 (India Standard Time),157.24,158.95,149.95,154.09,117.15,8.96,7.76,1.2,37178122
Mon Nov 15 2021 00:00:00 GMT+0530 (India Standard Time),155.66,155.66,137.75,144.31,117.15,7.66,7.74,-0.08,48364248
Mon Nov 22 2021 00:00:00 GMT+0530 (India Standard Time),149.99,149.99,133.85,139.75,117.15,6.2,7.43,-1.24,77869096
Mon Nov 29 2021 00:00:00 GMT+0530 (India Standard Time),144.87,145.45,136.1,141.68,117.15,5.13,6.97,-1.84,127164826
Mon Dec 06 2021 00:00:00 GMT+0530 (India Standard Time),143.27,143.27,132.85,136.04,117.15,3.78,6.33,-2.55,56207519
Mon Dec 13 2021 00:00:00 GMT+0530 (India Standard Time),139.65,139.65,130.75,134.26,117.15,2.55,5.58,-3.03,40071309
Mon Dec 20 2021 00:00:00 GMT+0530 (India Standard Time),136.96,136.96,123.9,129.7,117.15,1.18,4.7,-3.51,33180638
Mon Dec 27 2021 00:00:00 GMT+0530 (India Standard Time),133.33,134,128.65,130.8,117.15,0.19,3.8,-3.61,42761377
Mon Jan 03 2022 00:00:00 GMT+0530 (India Standard Time),132.06,142.2,131.75,136.91,117.15,-0.1,3.02,-3.12,75811803
Mon Jan 10 2022 00:00:00 GMT+0530 (India Standard Time),134.49,151.2,134.49,146.26,117.15,0.41,2.5,-2.08,59143699
Mon Jan 17 2022 00:00:00 GMT+0530 (India Standard Time),140.38,153,140.38,147.28,117.15,0.9,2.18,-1.28,58390939
Mon Jan 24 2022 00:00:00 GMT+0530 (India Standard Time),143.83,149.75,139.05,144.54,117.15,1.04,1.95,-0.9,37702085
Mon Jan 31 2022 00:00:00 GMT+0530 (India Standard Time),144.18,149.35,143.35,146.5,117.15,1.31,1.82,-0.51,29486159
Mon Feb 07 2022 00:00:00 GMT+0530 (India Standard Time),145.34,155.05,143.1,148.7,117.15,1.67,1.79,-0.12,82931349
Mon Feb 14 2022 00:00:00 GMT+0530 (India Standard Time),147.02,153,144.6,150.13,117.15,2.05,1.84,0.21,67629625
Mon Feb 21 2022 00:00:00 GMT+0530 (India Standard Time),148.57,149.65,133.75,144.88,117.15,1.91,1.86,0.05,63348506
Mon Feb 28 2022 00:00:00 GMT+0530 (India Standard Time),146.72,182.5,145.3,160.19,117.15,2.99,2.08,0.91,203665864
Mon Mar 07 2022 00:00:00 GMT+0530 (India Standard Time),153.46,176.75,153.46,168.94,117.15,4.51,2.57,1.94,124007791
Mon Mar 14 2022 00:00:00 GMT+0530 (India Standard Time),161.2,166.9,156.25,162.55,117.15,5.14,3.08,2.05,54280791
Mon Mar 21 2022 00:00:00 GMT+0530 (India Standard Time),161.87,173.65,161.87,167.34,121.09,5.95,3.66,2.29,72743636
Mon Mar 28 2022 00:00:00 GMT+0530 (India Standard Time),164.61,178.45,164.61,171.65,125.59,6.87,4.3,2.57,62993985
Mon Apr 04 2022 00:00:00 GMT+0530 (India Standard Time),168.13,183.55,168.13,175.61,129.86,7.82,5,2.82,105149337
Mon Apr 11 2022 00:00:00 GMT+0530 (India Standard Time),171.87,182.75,169.05,175.6,130.62,8.48,5.7,2.78,45518202
Mon Apr 18 2022 00:00:00 GMT+0530 (India Standard Time),173.74,193.75,169.35,180.34,132.28,9.27,6.41,2.86,178441282
Mon Apr 25 2022 00:00:00 GMT+0530 (India Standard Time),177.04,186.95,166.65,176.4,132.28,9.48,7.03,2.45,93859716
Mon May 02 2022 00:00:00 GMT+0530 (India Standard Time),176.72,176.72,163.6,169.97,132.28,9.02,7.42,1.59,66438044
Mon May 09 2022 00:00:00 GMT+0530 (India Standard Time),173.35,173.35,149.4,161.06,132.28,7.84,7.51,0.33,73153357
Mon May 16 2022 00:00:00 GMT+0530 (India Standard Time),167.2,172.25,152.6,162.45,132.28,6.94,7.39,-0.45,66716282
Mon May 23 2022 00:00:00 GMT+0530 (India Standard Time),164.83,173.4,162.5,168.3,132.28,6.63,7.24,-0.61,63841706
Mon May 30 2022 00:00:00 GMT+0530 (India Standard Time),166.56,185.75,166.56,175.89,132.28,6.91,7.17,-0.27,105807166
Mon Jun 06 2022 00:00:00 GMT+0530 (India Standard Time),171.23,186.7,171.23,182.29,132.28,7.56,7.25,0.31,65344971
Mon Jun 13 2022 00:00:00 GMT+0530 (India Standard Time),176.76,182.15,163.85,173.7,132.28,7.3,7.26,0.04,50756540
Mon Jun 20 2022 00:00:00 GMT+0530 (India Standard Time),175.23,175.23,159.5,164.46,132.28,6.28,7.06,-0.79,54876857
Mon Jun 27 2022 00:00:00 GMT+0530 (India Standard Time),169.85,175,161.35,167.28,132.28,5.63,6.78,-1.15,59706764
Mon Jul 04 2022 00:00:00 GMT+0530 (India Standard Time),168.56,176.65,162.75,170.49,132.28,5.31,6.48,-1.17,44431768
Mon Jul 11 2022 00:00:00 GMT+0530 (India Standard Time),169.52,180.9,169.52,176.33,132.28,5.47,6.28,-0.81,36240409
Mon Jul 18 2022 00:00:00 GMT+0530 (India Standard Time),172.92,185.15,172.92,181.21,134.13,5.92,6.21,-0.29,34045898
Mon Jul 25 2022 00:00:00 GMT+0530 (India Standard Time),177.07,197.2,177.07,188.7,140.01,6.8,6.33,0.47,47977386
Mon Aug 01 2022 00:00:00 GMT+0530 (India Standard Time),182.88,202,182.88,195.74,143.86,7.98,6.66,1.32,70472794
Mon Aug 08 2022 00:00:00 GMT+0530 (India Standard Time),189.31,211.55,189.31,201,149.26,9.23,7.17,2.06,68287487
Mon Aug 15 2022 00:00:00 GMT+0530 (India Standard Time),195.16,209.15,195.16,205.16,152.29,10.43,7.82,2.61,26980416
Mon Aug 22 2022 00:00:00 GMT+0530 (India Standard Time),200.16,216.75,198.8,207.65,157.35,11.46,8.55,2.91,56311778
Mon Aug 29 2022 00:00:00 GMT+0530 (India Standard Time),203.9,221.55,203.9,211.98,161.94,12.47,9.34,3.14,36030218
Mon Sep 05 2022 00:00:00 GMT+0530 (India Standard Time),207.94,225.25,207.94,218.9,165.64,13.68,10.2,3.48,39082466
Mon Sep 12 2022 00:00:00 GMT+0530 (India Standard Time),213.42,223.8,212.75,218.9,169.87,14.47,11.06,3.41,50780458
Mon Sep 19 2022 00:00:00 GMT+0530 (India Standard Time),216.16,218.55,205.75,211.9,169.87,14.37,11.72,2.65,29748029
Mon Sep 26 2022 00:00:00 GMT+0530 (India Standard Time),214.03,214.03,192.6,200.55,169.87,13.22,12.02,1.2,41600329
Mon Oct 03 2022 00:00:00 GMT+0530 (India Standard Time),207.29,218.85,197.05,207.03,169.87,12.68,12.15,0.53,49697009
Mon Oct 10 2022 00:00:00 GMT+0530 (India Standard Time),207.16,223.7,207.16,216.33,169.87,12.86,12.29,0.57,52736086
Mon Oct 17 2022 00:00:00 GMT+0530 (India Standard Time),211.74,227.75,211.74,222.49,169.87,13.34,12.5,0.84,40226050
Mon Oct 24 2022 00:00:00 GMT+0530 (India Standard Time),217.11,232.55,217.11,227.51,174.44,13.97,12.8,1.17,28206290
Mon Oct 31 2022 00:00:00 GMT+0530 (India Standard Time),222.31,234.35,222.31,230.41,179.98,14.53,13.14,1.39,44418941
Mon Nov 07 2022 00:00:00 GMT+0530 (India Standard Time),226.36,248.15,226.36,237.43,186.47,15.37,13.59,1.78,91902683
Mon Nov 14 2022 00:00:00 GMT+0530 (India Standard Time),231.89,241,212.95,226.89,186.47,15.01,13.87,1.14,60903810
Mon Nov 21 2022 00:00:00 GMT+0530 (India Standard Time),229.39,229.39,211.45,214.94,186.47,13.6,13.82,-0.22,36255281
Mon Nov 28 2022 00:00:00 GMT+0530 (India Standard Time),222.16,222.16,209.65,213.45,186.47,12.23,13.5,-1.27,55691678
Mon Dec 05 2022 00:00:00 GMT+0530 (India Standard Time),217.81,217.81,211.25,213.36,186.47,11,13,-2,27979968
Mon Dec 12 2022 00:00:00 GMT+0530 (India Standard Time),215.58,219.2,208.05,212.44,186.47,9.84,12.37,-2.53,30468412
Mon Dec 19 2022 00:00:00 GMT+0530 (India Standard Time),214.01,214.01,198.95,205.19,186.47,8.25,11.54,-3.3,22849744
Mon Dec 26 2022 00:00:00 GMT+0530 (India Standard Time),209.6,211.2,199,204.95,186.47,6.88,10.61,-3.73,17980400
Mon Jan 02 2023 00:00:00 GMT+0530 (India Standard Time),207.27,211.95,196.75,204.8,186.47,5.72,9.63,-3.91,38456611
Mon Jan 09 2023 00:00:00 GMT+0530 (India Standard Time),206.04,206.04,196.95,200.04,186.47,4.37,8.58,-4.21,30838274
Mon Jan 16 2023 00:00:00 GMT+0530 (India Standard Time),203.04,214,195.85,205.46,186.47,3.69,7.6,-3.91,42684458
Mon Jan 23 2023 00:00:00 GMT+0530 (India Standard Time),204.25,216.75,204.05,210.3,186.47,3.5,6.78,-3.28,23016260
Mon Jan 30 2023 00:00:00 GMT+0530 (India Standard Time),207.27,213.1,198.9,205.7,186.47,2.95,6.02,-3.07,53188585
Mon Feb 06 2023 00:00:00 GMT+0530 (India Standard Time),206.49,206.49,195.7,200.45,186.47,2.06,5.22,-3.16,26304513
Mon Feb 13 2023 00:00:00 GMT+0530 (India Standard Time),203.47,203.47,193.9,198.85,186.47,1.22,4.42,-3.21,42850599
Mon Feb 20 2023 00:00:00 GMT+0530 (India Standard Time),201.16,203.95,196.35,201.18,186.47,0.73,3.68,-2.96,30513094
Mon Feb 27 2023 00:00:00 GMT+0530 (India Standard Time),201.17,211.2,196.75,204.35,186.47,0.59,3.06,-2.48,33849910
Mon Mar 06 2023 00:00:00 GMT+0530 (India Standard Time),202.76,211.7,202.76,208.67,186.47,0.82,2.61,-1.8,16976446
Mon Mar 13 2023 00:00:00 GMT+0530 (India Standard Time),205.72,210.7,201.1,206.79,186.47,0.84,2.26,-1.42,33302173
Mon Mar 20 2023 00:00:00 GMT+0530 (India Standard Time),206.25,206.35,192.75,199.26,186.47,0.24,1.86,-1.61,29260782
Mon Mar 27 2023 00:00:00 GMT+0530 (India Standard Time),202.76,202.76,192.35,195.91,186.47,-0.49,1.39,-1.88,32032922
Mon Apr 03 2023 00:00:00 GMT+0530 (India Standard Time),199.33,209,198.55,203.21,186.47,-0.48,1.01,-1.49,18835574
Mon Apr 10 2023 00:00:00 GMT+0530 (India Standard Time),201.27,214.4,201.27,209.19,186.47,0.01,0.81,-0.8,16108657
Mon Apr 17 2023 00:00:00 GMT+0530 (India Standard Time),205.23,219.35,205.23,213.64,186.47,0.75,0.8,-0.05,26744150
Mon Apr 24 2023 00:00:00 GMT+0530 (India Standard Time),209.43,219.5,209.43,216.1,186.47,1.52,0.94,0.57,16717911
Mon May 01 2023 00:00:00 GMT+0530 (India Standard Time),212.77,223.7,212.77,220.41,186.47,2.44,1.24,1.2,18588509
Mon May 08 2023 00:00:00 GMT+0530 (India Standard Time),216.59,223.55,214.75,218.84,186.47,3.02,1.6,1.42,25704685
Mon May 15 2023 00:00:00 GMT+0530 (India Standard Time),217.71,228.45,217.71,222.76,188.88,3.75,2.03,1.72,22525264
Mon May 22 2023 00:00:00 GMT+0530 (India Standard Time),220.24,227.2,220.24,224.79,191.42,4.43,2.51,1.93,14983886
Mon May 29 2023 00:00:00 GMT+0530 (India Standard Time),222.51,232.65,212.85,221.86,191.42,4.69,2.94,1.75,100365992
Mon Jun 05 2023 00:00:00 GMT+0530 (India Standard Time),222.19,222.19,211.5,213.85,191.42,4.2,3.2,1,68832433
Mon Jun 12 2023 00:00:00 GMT+0530 (India Standard Time),218.02,218.02,211.4,213.19,191.42,3.71,3.3,0.41,31752401
Mon Jun 19 2023 00:00:00 GMT+0530 (India Standard Time),215.6,215.6,209.55,211.95,191.42,3.19,3.28,-0.09,28389054
Mon Jun 26 2023 00:00:00 GMT+0530 (India Standard Time),213.78,216.1,208,212.65,191.42,2.8,3.18,-0.38,39791364
Mon Jul 03 2023 00:00:00 GMT+0530 (India Standard Time),213.21,220.75,213.21,217.59,191.42,2.86,3.12,-0.26,30031683
Mon Jul 10 2023 00:00:00 GMT+0530 (India Standard Time),215.4,222.05,213.75,217.84,191.42,2.89,3.07,-0.18,55907366
Mon Jul 17 2023 00:00:00 GMT+0530 (India Standard Time),216.62,217.4,212.3,214.8,191.42,2.64,2.99,-0.35,23479026
Mon Jul 24 2023 00:00:00 GMT+0530 (India Standard Time),215.71,217.1,211.6,213.58,191.42,2.32,2.85,-0.54,38711356
Mon Jul 31 2023 00:00:00 GMT+0530 (India Standard Time),214.64,227.9,211.6,217.81,191.42,2.37,2.76,-0.38,87510629
Mon Aug 07 2023 00:00:00 GMT+0530 (India Standard Time),216.23,221.55,214.05,218.69,191.42,2.46,2.7,-0.24,72725793
Mon Aug 14 2023 00:00:00 GMT+0530 (India Standard Time),217.46,220.95,211.75,216.41,191.42,2.32,2.62,-0.3,23175272
Mon Aug 21 2023 00:00:00 GMT+0530 (India Standard Time),216.93,217.4,211.75,213.45,191.42,1.95,2.49,-0.54,22030196
Mon Aug 28 2023 00:00:00 GMT+0530 (India Standard Time),215.19,222,212.25,217.29,191.42,1.94,2.38,-0.44,35832739
Mon Sep 04 2023 00:00:00 GMT+0530 (India Standard Time),216.24,269.2,216.24,245.61,197.11,4.17,2.74,1.43,171897578
Mon Sep 11 2023 00:00:00 GMT+0530 (India Standard Time),230.93,268.95,230.93,263.88,197.11,7.33,3.66,3.67,74982403
Mon Sep 18 2023 00:00:00 GMT+0530 (India Standard Time),247.4,272.75,247.4,266.02,201.73,9.89,4.9,4.99,47133572
Mon Sep 25 2023 00:00:00 GMT+0530 (India Standard Time),256.71,282.25,256.71,274.29,208.53,12.44,6.41,6.03,54253819
Mon Oct 02 2023 00:00:00 GMT+0530 (India Standard Time),265.5,281.85,265.5,276.21,214.42,14.46,8.02,6.44,28115909
Mon Oct 09 2023 00:00:00 GMT+0530 (India Standard Time),270.86,295.6,267.8,281.73,219,16.31,9.68,6.63,65144584
Mon Oct 16 2023 00:00:00 GMT+0530 (India Standard Time),276.29,304.5,276.29,296.39,224.56,18.74,11.49,7.25,42945113
Mon Oct 23 2023 00:00:00 GMT+0530 (India Standard Time),286.34,301.9,286.34,296.39,231.02,20.44,13.28,7.16,34171648
Mon Oct 30 2023 00:00:00 GMT+0530 (India Standard Time),291.36,301.55,290.6,297.16,237.3,21.59,14.94,6.65,35000621
Mon Nov 06 2023 00:00:00 GMT+0530 (India Standard Time),294.26,321.45,294.26,308.43,245.82,23.15,16.58,6.57,57804503
Mon Nov 13 2023 00:00:00 GMT+0530 (India Standard Time),301.34,343.75,301.34,326.64,251.2,25.56,18.38,7.18,108431185
Mon Nov 20 2023 00:00:00 GMT+0530 (India Standard Time),313.99,338.5,313.99,333.19,254.59,27.68,20.24,7.44,55021135
Mon Nov 27 2023 00:00:00 GMT+0530 (India Standard Time),323.59,351.1,323.59,341.46,264.13,29.68,22.13,7.56,52005956
Mon Dec 04 2023 00:00:00 GMT+0530 (India Standard Time),332.53,362.5,332.53,352.88,271.92,31.83,24.07,7.76,75257909
Mon Dec 11 2023 00:00:00 GMT+0530 (India Standard Time),342.7,358.6,342.7,350.82,279.04,32.98,25.85,7.13,55775601
Mon Dec 18 2023 00:00:00 GMT+0530 (India Standard Time),346.76,371.8,342.3,357.09,283.03,34.01,27.48,6.53,84066380
Mon Dec 25 2023 00:00:00 GMT+0530 (India Standard Time),351.93,382.5,351.93,371.17,290.66,35.55,29.09,6.45,56969648
Mon Jan 01 2024 00:00:00 GMT+0530 (India Standard Time),361.55,395.85,361.55,383.84,298.38,37.36,30.75,6.61,71801376
Mon Jan 08 2024 00:00:00 GMT+0530 (India Standard Time),372.69,388.9,372.69,383.07,305.01,38.29,32.26,6.04,45203646
Mon Jan 15 2024 00:00:00 GMT+0530 (India Standard Time),377.88,401.5,368,387.7,305.43,38.96,33.6,5.36,83161142
Mon Jan 22 2024 00:00:00 GMT+0530 (India Standard Time),382.79,404.8,373.65,392.84,307.89,39.44,34.77,4.68,52786680
Mon Jan 29 2024 00:00:00 GMT+0530 (India Standard Time),387.81,422.9,387.81,406.77,320.6,40.49,35.91,4.58,99098182
Mon Feb 05 2024 00:00:00 GMT+0530 (India Standard Time),397.29,468.6,397.29,441.29,329.74,43.59,37.45,6.15,95497830
Mon Feb 12 2024 00:00:00 GMT+0530 (India Standard Time),419.29,487.6,419.29,463.66,335.71,47.32,39.42,7.9,106746354
Mon Feb 19 2024 00:00:00 GMT+0530 (India Standard Time),441.48,487.45,427.95,460.52,335.71,49.45,41.43,8.02,98438917
Mon Feb 26 2024 00:00:00 GMT+0530 (India Standard Time),451,451,429.65,443.01,335.71,49.15,42.97,6.18,46016159
Mon Mar 04 2024 00:00:00 GMT+0530 (India Standard Time),447.01,465.4,444.55,455.1,341.16,49.33,44.24,5.08,45325487
Mon Mar 11 2024 00:00:00 GMT+0530 (India Standard Time),451.05,462.85,401.2,435.07,341.16,47.3,44.85,2.45,79951693
Mon Mar 18 2024 00:00:00 GMT+0530 (India Standard Time),443.06,443.06,412.7,424.21,341.16,44.31,44.75,-0.43,44212048
Mon Mar 25 2024 00:00:00 GMT+0530 (India Standard Time),433.64,440.95,426.05,433.73,341.16,42.22,44.24,-2.02,37707502
Mon Apr 01 2024 00:00:00 GMT+0530 (India Standard Time),433.68,453.5,433.68,442.99,341.32,40.85,43.56,-2.72,45323198
Mon Apr 08 2024 00:00:00 GMT+0530 (India Standard Time),438.33,463.45,437.25,451.43,351.46,39.97,42.84,-2.87,38981995
